[
  {
    "id": "82h7ntu0uhfb7c4e5bmokoh80g_20230217T083000Z",
    "summary": "Unavaible Session",
    "description": "Recursion",
    "htmlLink": "https://www.google.com/calendar/event?eid=ODJoN250dTB1aGZiN2M0ZTVibW9rb2g4MGdfMjAyMzAyMTdUMDgzMDAwWiBqaGIxOS53ZXRoaW5rY29kZUBt",
    "volunteer": "nosifan022@student.wethinkcode.co.za",
    "attendees": [
      {
        "email": "jhb19.wethinkcode@gmail.com",
        "self": true,
        "responseStatus": "needsAction"
      },
      {
        "email": "nosifan022@student.wethinkcode.co.za",
        "organizer": true,
        "responseStatus": "needsAction"
      },
      {
        "email": "4thtimecoder@student.wethinkcode.co.za",
        "responseStatus": "needsAction"
      }
    ],
    "start_time": "2023-02-17T10:30:00+02:00",
    "end_time": "2023-02-17T11:00:00+02:00"
  },
  {
    "id": "dub0uhf3b2u24qbj5gb51gk5gs_20230217T093000Z",
    "summary": "Unavaible Session",
    "description": "Function & Algorithms",
    "htmlLink": "https://www.google.com/calendar/event?eid=ZHViMHVoZjNiMnUyNHFiajVnYjUxZ2s1Z3NfMjAyMzAyMTdUMDkzMDAwWiBqaGIxOS53ZXRoaW5rY29kZUBt",
    "volunteer": "nosifan022@student.wethinkcode.co.za",
    "attendees": [
      {
        "email": "jhb19.wethinkcode@gmail.com",
        "self": true,
        "responseStatus": "needsAction"
      },
      {
        "email": "nosifan022@student.wethinkcode.co.za",
        "organizer": true,
        "responseStatus": "needsAction"
      },
      {
        "email": "4thtimecoder@gmail.com",
        "responseStatus": "needsAction"
      }
    ],
    "start_time": "2023-02-17T11:30:00+02:00",
    "end_time": "2023-02-17T12:00:00+02:00"
  }
]